ID,store_ID,product_ID,sellingPrice,costPrice,minStock,maxStock,displayOrder,isActive
c1000001-0000-4000-8000-000000000001,d1000001-0002-4000-8000-000000000002,b1000001-0027-4000-8000-000000000027,14190,8151,16,457,75,true
c1000001-0000-4000-8000-000000000002,d1000001-0005-4000-8000-000000000005,b1000001-0084-4000-8000-000000000084,47163,25834,19,383,31,true
c1000001-0000-4000-8000-000000000003,d1000001-0005-4000-8000-000000000005,b1000001-0031-4000-8000-000000000031,10877,9578,50,441,74,true
c1000001-0000-4000-8000-000000000004,d1000001-0003-4000-8000-000000000003,b1000001-0089-4000-8000-000000000089,8260,5323,32,372,70,true
c1000001-0000-4000-8000-000000000005,d1000001-0003-4000-8000-000000000003,b1000001-0052-4000-8000-000000000052,31299,17945,9,96,18,true
c1000001-0000-4000-8000-000000000006,d1000001-0002-4000-8000-000000000002,b1000001-0038-4000-8000-000000000038,41281,30005,44,139,57,true
c1000001-0000-4000-8000-000000000007,d1000001-0001-4000-8000-000000000001,b1000001-0067-4000-8000-000000000067,22285,16120,14,67,3,true
c1000001-0000-4000-8000-000000000008,d1000001-0002-4000-8000-000000000002,b1000001-0055-4000-8000-000000000055,26230,15456,17,363,84,true
c1000001-0000-4000-8000-000000000009,d1000001-0004-4000-8000-000000000004,b1000001-0019-4000-8000-000000000019,53884,29155,18,485,35,true
c1000001-0000-4000-8000-000000000010,d1000001-0001-4000-8000-000000000001,b1000001-0013-4000-8000-000000000013,17917,9445,11,323,65,true
c1000001-0000-4000-8000-000000000011,d1000001-0003-4000-8000-000000000003,b1000001-0056-4000-8000-000000000056,60615,38431,27,286,12,true
c1000001-0000-4000-8000-000000000012,d1000001-0005-4000-8000-000000000005,b1000001-0032-4000-8000-000000000032,28305,23872,41,284,71,true
c1000001-0000-4000-8000-000000000013,d1000001-0003-4000-8000-000000000003,b1000001-0006-4000-8000-000000000006,41808,23724,29,412,19,true
c1000001-0000-4000-8000-000000000014,d1000001-0003-4000-8000-000000000003,b1000001-0057-4000-8000-000000000057,17659,14542,9,466,61,true
c1000001-0000-4000-8000-000000000015,d1000001-0002-4000-8000-000000000002,b1000001-0044-4000-8000-000000000044,11414,6807,20,86,86,true
c1000001-0000-4000-8000-000000000016,d1000001-0004-4000-8000-000000000004,b1000001-0052-4000-8000-000000000052,38781,22931,39,137,73,true
c1000001-0000-4000-8000-000000000017,d1000001-0005-4000-8000-000000000005,b1000001-0085-4000-8000-000000000085,16998,12594,26,189,33,true
c1000001-0000-4000-8000-000000000018,d1000001-0003-4000-8000-000000000003,b1000001-0064-4000-8000-000000000064,39104,21379,11,294,84,true
c1000001-0000-4000-8000-000000000019,d1000001-0001-4000-8000-000000000001,b1000001-0057-4000-8000-000000000057,9987,5398,31,228,61,true
c1000001-0000-4000-8000-000000000020,d1000001-0004-4000-8000-000000000004,b1000001-0053-4000-8000-000000000053,25201,21921,19,120,13,true
c1000001-0000-4000-8000-000000000021,d1000001-0004-4000-8000-000000000004,b1000001-0034-4000-8000-000000000034,18270,11748,35,101,10,true
c1000001-0000-4000-8000-000000000022,d1000001-0002-4000-8000-000000000002,b1000001-0090-4000-8000-000000000090,37700,33350,5,441,64,true
c1000001-0000-4000-8000-000000000023,d1000001-0005-4000-8000-000000000005,b1000001-0043-4000-8000-000000000043,43561,26961,45,338,41,true
c1000001-0000-4000-8000-000000000024,d1000001-0001-4000-8000-000000000001,b1000001-0035-4000-8000-000000000035,46121,27373,5,56,95,true
c1000001-0000-4000-8000-000000000025,d1000001-0002-4000-8000-000000000002,b1000001-0048-4000-8000-000000000048,72552,39140,20,403,17,true
c1000001-0000-4000-8000-000000000026,d1000001-0001-4000-8000-000000000001,b1000001-0037-4000-8000-000000000037,45208,35368,6,295,70,true
c1000001-0000-4000-8000-000000000027,d1000001-0002-4000-8000-000000000002,b1000001-0001-4000-8000-000000000001,26292,16869,13,482,82,true
c1000001-0000-4000-8000-000000000028,d1000001-0002-4000-8000-000000000002,b1000001-0032-4000-8000-000000000032,28050,20382,22,109,13,true
c1000001-0000-4000-8000-000000000029,d1000001-0003-4000-8000-000000000003,b1000001-0079-4000-8000-000000000079,30929,26102,9,363,21,true
c1000001-0000-4000-8000-000000000030,d1000001-0002-4000-8000-000000000002,b1000001-0088-4000-8000-000000000088,60737,35163,41,150,100,true
c1000001-0000-4000-8000-000000000031,d1000001-0005-4000-8000-000000000005,b1000001-0058-4000-8000-000000000058,34280,18331,30,298,42,true
c1000001-0000-4000-8000-000000000032,d1000001-0002-4000-8000-000000000002,b1000001-0014-4000-8000-000000000014,46778,27594,28,182,12,true
c1000001-0000-4000-8000-000000000033,d1000001-0002-4000-8000-000000000002,b1000001-0084-4000-8000-000000000084,32982,18662,41,522,50,true
c1000001-0000-4000-8000-000000000034,d1000001-0005-4000-8000-000000000005,b1000001-0086-4000-8000-000000000086,52840,35402,22,513,48,true
c1000001-0000-4000-8000-000000000035,d1000001-0003-4000-8000-000000000003,b1000001-0002-4000-8000-000000000002,12749,8506,22,485,2,true
c1000001-0000-4000-8000-000000000036,d1000001-0003-4000-8000-000000000003,b1000001-0063-4000-8000-000000000063,13399,7779,12,291,47,true
c1000001-0000-4000-8000-000000000037,d1000001-0005-4000-8000-000000000005,b1000001-0004-4000-8000-000000000004,49666,32376,40,253,79,true
c1000001-0000-4000-8000-000000000038,d1000001-0004-4000-8000-000000000004,b1000001-0026-4000-8000-000000000026,41394,27052,9,95,86,true
c1000001-0000-4000-8000-000000000039,d1000001-0004-4000-8000-000000000004,b1000001-0005-4000-8000-000000000005,37306,25238,46,426,43,true
c1000001-0000-4000-8000-000000000040,d1000001-0002-4000-8000-000000000002,b1000001-0020-4000-8000-000000000020,42896,34668,37,534,95,true
c1000001-0000-4000-8000-000000000041,d1000001-0004-4000-8000-000000000004,b1000001-0044-4000-8000-000000000044,19532,10799,5,354,17,true
c1000001-0000-4000-8000-000000000042,d1000001-0002-4000-8000-000000000002,b1000001-0028-4000-8000-000000000028,37002,29933,8,461,80,true
c1000001-0000-4000-8000-000000000043,d1000001-0001-4000-8000-000000000001,b1000001-0081-4000-8000-000000000081,16751,8825,21,141,46,true
c1000001-0000-4000-8000-000000000044,d1000001-0003-4000-8000-000000000003,b1000001-0093-4000-8000-000000000093,40704,35448,36,327,1,true
c1000001-0000-4000-8000-000000000045,d1000001-0001-4000-8000-000000000001,b1000001-0086-4000-8000-000000000086,20409,16637,38,420,78,true
c1000001-0000-4000-8000-000000000046,d1000001-0005-4000-8000-000000000005,b1000001-0056-4000-8000-000000000056,32497,17374,23,289,87,true
c1000001-0000-4000-8000-000000000047,d1000001-0005-4000-8000-000000000005,b1000001-0087-4000-8000-000000000087,44646,33542,30,124,72,true
c1000001-0000-4000-8000-000000000048,d1000001-0001-4000-8000-000000000001,b1000001-0091-4000-8000-000000000091,49827,34041,17,320,44,true
c1000001-0000-4000-8000-000000000049,d1000001-0005-4000-8000-000000000005,b1000001-0078-4000-8000-000000000078,32086,17285,47,221,72,true
c1000001-0000-4000-8000-000000000050,d1000001-0004-4000-8000-000000000004,b1000001-0085-4000-8000-000000000085,45948,30412,39,396,7,true
c1000001-0000-4000-8000-000000000051,d1000001-0001-4000-8000-000000000001,b1000001-0084-4000-8000-000000000084,28331,24805,34,226,26,true
c1000001-0000-4000-8000-000000000052,d1000001-0001-4000-8000-000000000001,b1000001-0063-4000-8000-000000000063,37608,30995,23,440,55,true
c1000001-0000-4000-8000-000000000053,d1000001-0002-4000-8000-000000000002,b1000001-0003-4000-8000-000000000003,62840,36051,5,70,11,true
c1000001-0000-4000-8000-000000000054,d1000001-0005-4000-8000-000000000005,b1000001-0069-4000-8000-000000000069,27461,20856,26,385,6,true
c1000001-0000-4000-8000-000000000055,d1000001-0005-4000-8000-000000000005,b1000001-0076-4000-8000-000000000076,60182,37057,42,474,18,true
c1000001-0000-4000-8000-000000000056,d1000001-0003-4000-8000-000000000003,b1000001-0046-4000-8000-000000000046,35835,28231,45,274,61,true
c1000001-0000-4000-8000-000000000057,d1000001-0005-4000-8000-000000000005,b1000001-0059-4000-8000-000000000059,48053,26402,41,242,9,true
c1000001-0000-4000-8000-000000000058,d1000001-0005-4000-8000-000000000005,b1000001-0013-4000-8000-000000000013,65405,36327,16,425,48,true
c1000001-0000-4000-8000-000000000059,d1000001-0005-4000-8000-000000000005,b1000001-0090-4000-8000-000000000090,34498,21997,37,374,43,true
c1000001-0000-4000-8000-000000000060,d1000001-0001-4000-8000-000000000001,b1000001-0040-4000-8000-000000000040,58109,33928,31,369,85,true
c1000001-0000-4000-8000-000000000061,d1000001-0002-4000-8000-000000000002,b1000001-0080-4000-8000-000000000080,37603,30366,48,177,68,true
c1000001-0000-4000-8000-000000000062,d1000001-0005-4000-8000-000000000005,b1000001-0036-4000-8000-000000000036,59357,38126,18,307,50,true
c1000001-0000-4000-8000-000000000063,d1000001-0005-4000-8000-000000000005,b1000001-0033-4000-8000-000000000033,49469,30500,31,438,1,true
c1000001-0000-4000-8000-000000000064,d1000001-0001-4000-8000-000000000001,b1000001-0068-4000-8000-000000000068,9170,6277,13,188,55,true
c1000001-0000-4000-8000-000000000065,d1000001-0005-4000-8000-000000000005,b1000001-0038-4000-8000-000000000038,28716,25575,25,303,31,true
c1000001-0000-4000-8000-000000000066,d1000001-0004-4000-8000-000000000004,b1000001-0001-4000-8000-000000000001,40753,24107,13,98,35,true
c1000001-0000-4000-8000-000000000067,d1000001-0003-4000-8000-000000000003,b1000001-0073-4000-8000-000000000073,53598,29599,23,129,4,true
c1000001-0000-4000-8000-000000000068,d1000001-0004-4000-8000-000000000004,b1000001-0028-4000-8000-000000000028,36231,20853,7,69,16,true
c1000001-0000-4000-8000-000000000069,d1000001-0001-4000-8000-000000000001,b1000001-0023-4000-8000-000000000023,19700,11667,6,404,78,true
c1000001-0000-4000-8000-000000000070,d1000001-0005-4000-8000-000000000005,b1000001-0042-4000-8000-000000000042,39565,34311,48,455,57,true
c1000001-0000-4000-8000-000000000071,d1000001-0004-4000-8000-000000000004,b1000001-0015-4000-8000-000000000015,57139,36817,49,464,22,true
c1000001-0000-4000-8000-000000000072,d1000001-0005-4000-8000-000000000005,b1000001-0003-4000-8000-000000000003,21982,19689,39,518,6,true
c1000001-0000-4000-8000-000000000073,d1000001-0001-4000-8000-000000000001,b1000001-0043-4000-8000-000000000043,21776,18500,42,434,23,true
c1000001-0000-4000-8000-000000000074,d1000001-0001-4000-8000-000000000001,b1000001-0041-4000-8000-000000000041,23984,15572,7,453,36,true
c1000001-0000-4000-8000-000000000075,d1000001-0005-4000-8000-000000000005,b1000001-0066-4000-8000-000000000066,29120,17814,17,425,2,true
c1000001-0000-4000-8000-000000000076,d1000001-0004-4000-8000-000000000004,b1000001-0009-4000-8000-000000000009,42843,28115,47,259,79,true
c1000001-0000-4000-8000-000000000077,d1000001-0001-4000-8000-000000000001,b1000001-0060-4000-8000-000000000060,57920,36826,5,289,98,true
c1000001-0000-4000-8000-000000000078,d1000001-0005-4000-8000-000000000005,b1000001-0009-4000-8000-000000000009,23707,13474,13,271,70,true
c1000001-0000-4000-8000-000000000079,d1000001-0005-4000-8000-000000000005,b1000001-0020-4000-8000-000000000020,11818,6257,41,140,76,true
c1000001-0000-4000-8000-000000000080,d1000001-0002-4000-8000-000000000002,b1000001-0006-4000-8000-000000000006,44522,32855,18,276,41,true
c1000001-0000-4000-8000-000000000081,d1000001-0003-4000-8000-000000000003,b1000001-0069-4000-8000-000000000069,12055,7748,32,327,78,true
c1000001-0000-4000-8000-000000000082,d1000001-0002-4000-8000-000000000002,b1000001-0074-4000-8000-000000000074,59289,33168,14,449,8,true
c1000001-0000-4000-8000-000000000083,d1000001-0002-4000-8000-000000000002,b1000001-0065-4000-8000-000000000065,36051,29243,49,433,19,true
c1000001-0000-4000-8000-000000000084,d1000001-0005-4000-8000-000000000005,b1000001-0061-4000-8000-000000000061,43740,34374,12,437,67,true
c1000001-0000-4000-8000-000000000085,d1000001-0003-4000-8000-000000000003,b1000001-0099-4000-8000-000000000099,51830,28844,47,336,22,true
c1000001-0000-4000-8000-000000000086,d1000001-0005-4000-8000-000000000005,b1000001-0024-4000-8000-000000000024,22008,11649,18,517,95,true
c1000001-0000-4000-8000-000000000087,d1000001-0002-4000-8000-000000000002,b1000001-0063-4000-8000-000000000063,55659,32203,47,102,54,true
c1000001-0000-4000-8000-000000000088,d1000001-0002-4000-8000-000000000002,b1000001-0076-4000-8000-000000000076,13324,10356,27,481,45,true
c1000001-0000-4000-8000-000000000089,d1000001-0004-4000-8000-000000000004,b1000001-0094-4000-8000-000000000094,64703,39835,47,166,79,true
c1000001-0000-4000-8000-000000000090,d1000001-0003-4000-8000-000000000003,b1000001-0021-4000-8000-000000000021,17605,9357,34,85,26,true
c1000001-0000-4000-8000-000000000091,d1000001-0001-4000-8000-000000000001,b1000001-0098-4000-8000-000000000098,35682,28592,7,143,2,true
c1000001-0000-4000-8000-000000000092,d1000001-0004-4000-8000-000000000004,b1000001-0013-4000-8000-000000000013,21087,18499,28,208,18,true
c1000001-0000-4000-8000-000000000093,d1000001-0002-4000-8000-000000000002,b1000001-0007-4000-8000-000000000007,38961,24529,7,214,43,true
c1000001-0000-4000-8000-000000000094,d1000001-0001-4000-8000-000000000001,b1000001-0055-4000-8000-000000000055,44827,34482,14,165,42,true
c1000001-0000-4000-8000-000000000095,d1000001-0001-4000-8000-000000000001,b1000001-0048-4000-8000-000000000048,46485,30156,15,129,26,true
c1000001-0000-4000-8000-000000000096,d1000001-0005-4000-8000-000000000005,b1000001-0097-4000-8000-000000000097,44589,30059,19,474,93,true
c1000001-0000-4000-8000-000000000097,d1000001-0003-4000-8000-000000000003,b1000001-0014-4000-8000-000000000014,56695,30432,28,487,23,true
c1000001-0000-4000-8000-000000000098,d1000001-0001-4000-8000-000000000001,b1000001-0032-4000-8000-000000000032,52204,30419,15,513,8,true
c1000001-0000-4000-8000-000000000099,d1000001-0005-4000-8000-000000000005,b1000001-0050-4000-8000-000000000050,12924,10049,14,452,22,true
c1000001-0000-4000-8000-000000000100,d1000001-0001-4000-8000-000000000001,b1000001-0054-4000-8000-000000000054,24943,16250,23,221,15,true
c1000001-0000-4000-8000-000000000101,d1000001-0005-4000-8000-000000000005,b1000001-0067-4000-8000-000000000067,22787,15339,38,98,12,true
c1000001-0000-4000-8000-000000000102,d1000001-0003-4000-8000-000000000003,b1000001-0061-4000-8000-000000000061,23166,12548,16,313,57,true
c1000001-0000-4000-8000-000000000103,d1000001-0005-4000-8000-000000000005,b1000001-0030-4000-8000-000000000030,33846,18144,37,184,7,true
c1000001-0000-4000-8000-000000000104,d1000001-0005-4000-8000-000000000005,b1000001-0082-4000-8000-000000000082,64018,36739,27,223,23,true
c1000001-0000-4000-8000-000000000105,d1000001-0001-4000-8000-000000000001,b1000001-0100-4000-8000-000000000100,49733,26185,17,204,51,true
c1000001-0000-4000-8000-000000000106,d1000001-0003-4000-8000-000000000003,b1000001-0055-4000-8000-000000000055,47340,28334,39,425,17,true
c1000001-0000-4000-8000-000000000107,d1000001-0004-4000-8000-000000000004,b1000001-0062-4000-8000-000000000062,41575,25085,29,305,100,true
c1000001-0000-4000-8000-000000000108,d1000001-0004-4000-8000-000000000004,b1000001-0067-4000-8000-000000000067,14221,9639,32,203,98,true
c1000001-0000-4000-8000-000000000109,d1000001-0004-4000-8000-000000000004,b1000001-0089-4000-8000-000000000089,34494,24478,15,438,10,true
c1000001-0000-4000-8000-000000000110,d1000001-0003-4000-8000-000000000003,b1000001-0003-4000-8000-000000000003,13933,11728,30,520,6,true
c1000001-0000-4000-8000-000000000111,d1000001-0004-4000-8000-000000000004,b1000001-0018-4000-8000-000000000018,31699,26711,30,286,81,true
c1000001-0000-4000-8000-000000000112,d1000001-0004-4000-8000-000000000004,b1000001-0054-4000-8000-000000000054,39565,26149,6,222,89,true
c1000001-0000-4000-8000-000000000113,d1000001-0005-4000-8000-000000000005,b1000001-0057-4000-8000-000000000057,35144,24554,22,405,94,true
c1000001-0000-4000-8000-000000000114,d1000001-0002-4000-8000-000000000002,b1000001-0056-4000-8000-000000000056,24623,18796,8,166,33,true
c1000001-0000-4000-8000-000000000115,d1000001-0001-4000-8000-000000000001,b1000001-0017-4000-8000-000000000017,38797,31715,23,483,22,true
c1000001-0000-4000-8000-000000000116,d1000001-0004-4000-8000-000000000004,b1000001-0045-4000-8000-000000000045,61336,37095,17,82,64,true
c1000001-0000-4000-8000-000000000117,d1000001-0004-4000-8000-000000000004,b1000001-0017-4000-8000-000000000017,42191,24971,50,360,36,true
c1000001-0000-4000-8000-000000000118,d1000001-0002-4000-8000-000000000002,b1000001-0073-4000-8000-000000000073,70783,39871,34,211,4,true
c1000001-0000-4000-8000-000000000119,d1000001-0002-4000-8000-000000000002,b1000001-0013-4000-8000-000000000013,50600,29993,34,409,48,true
c1000001-0000-4000-8000-000000000120,d1000001-0005-4000-8000-000000000005,b1000001-0054-4000-8000-000000000054,71779,38752,30,445,77,true
c1000001-0000-4000-8000-000000000121,d1000001-0002-4000-8000-000000000002,b1000001-0064-4000-8000-000000000064,36163,19941,45,164,51,true
c1000001-0000-4000-8000-000000000122,d1000001-0005-4000-8000-000000000005,b1000001-0073-4000-8000-000000000073,49614,36697,45,270,16,true
c1000001-0000-4000-8000-000000000123,d1000001-0004-4000-8000-000000000004,b1000001-0008-4000-8000-000000000008,45386,24889,14,236,26,true
c1000001-0000-4000-8000-000000000124,d1000001-0003-4000-8000-000000000003,b1000001-0092-4000-8000-000000000092,45174,28522,29,292,88,true
c1000001-0000-4000-8000-000000000125,d1000001-0002-4000-8000-000000000002,b1000001-0057-4000-8000-000000000057,11088,6606,20,359,14,true
c1000001-0000-4000-8000-000000000126,d1000001-0004-4000-8000-000000000004,b1000001-0027-4000-8000-000000000027,32828,26186,18,81,42,true
c1000001-0000-4000-8000-000000000127,d1000001-0002-4000-8000-000000000002,b1000001-0042-4000-8000-000000000042,50674,33460,9,83,50,true
c1000001-0000-4000-8000-000000000128,d1000001-0005-4000-8000-000000000005,b1000001-0063-4000-8000-000000000063,57453,38874,47,482,77,true
c1000001-0000-4000-8000-000000000129,d1000001-0003-4000-8000-000000000003,b1000001-0072-4000-8000-000000000072,13197,8707,37,447,87,true
c1000001-0000-4000-8000-000000000130,d1000001-0002-4000-8000-000000000002,b1000001-0085-4000-8000-000000000085,47471,36080,31,170,67,true
c1000001-0000-4000-8000-000000000131,d1000001-0001-4000-8000-000000000001,b1000001-0096-4000-8000-000000000096,36935,30711,23,101,41,true
c1000001-0000-4000-8000-000000000132,d1000001-0003-4000-8000-000000000003,b1000001-0080-4000-8000-000000000080,58446,31067,29,279,8,true
c1000001-0000-4000-8000-000000000133,d1000001-0005-4000-8000-000000000005,b1000001-0034-4000-8000-000000000034,31536,17620,26,139,72,true
c1000001-0000-4000-8000-000000000134,d1000001-0004-4000-8000-000000000004,b1000001-0003-4000-8000-000000000003,25450,13638,13,438,16,true
c1000001-0000-4000-8000-000000000135,d1000001-0003-4000-8000-000000000003,b1000001-0035-4000-8000-000000000035,23613,13632,33,234,45,true
c1000001-0000-4000-8000-000000000136,d1000001-0004-4000-8000-000000000004,b1000001-0023-4000-8000-000000000023,9726,7646,27,419,65,true
c1000001-0000-4000-8000-000000000137,d1000001-0004-4000-8000-000000000004,b1000001-0071-4000-8000-000000000071,36953,26158,49,325,46,true
c1000001-0000-4000-8000-000000000138,d1000001-0005-4000-8000-000000000005,b1000001-0018-4000-8000-000000000018,52407,28129,8,295,77,true
c1000001-0000-4000-8000-000000000139,d1000001-0004-4000-8000-000000000004,b1000001-0078-4000-8000-000000000078,35244,25223,16,295,59,true
c1000001-0000-4000-8000-000000000140,d1000001-0002-4000-8000-000000000002,b1000001-0009-4000-8000-000000000009,55580,34595,46,165,93,true
c1000001-0000-4000-8000-000000000141,d1000001-0004-4000-8000-000000000004,b1000001-0040-4000-8000-000000000040,38258,27130,6,334,11,true
c1000001-0000-4000-8000-000000000142,d1000001-0001-4000-8000-000000000001,b1000001-0078-4000-8000-000000000078,29885,19874,49,415,37,true
c1000001-0000-4000-8000-000000000143,d1000001-0002-4000-8000-000000000002,b1000001-0036-4000-8000-000000000036,44991,39534,34,426,25,true
c1000001-0000-4000-8000-000000000144,d1000001-0004-4000-8000-000000000004,b1000001-0096-4000-8000-000000000096,67014,37551,36,379,11,true
c1000001-0000-4000-8000-000000000145,d1000001-0004-4000-8000-000000000004,b1000001-0032-4000-8000-000000000032,14122,9213,37,309,99,true
c1000001-0000-4000-8000-000000000146,d1000001-0001-4000-8000-000000000001,b1000001-0042-4000-8000-000000000042,19868,12975,11,159,49,true
c1000001-0000-4000-8000-000000000147,d1000001-0001-4000-8000-000000000001,b1000001-0003-4000-8000-000000000003,19223,12750,36,259,66,true
c1000001-0000-4000-8000-000000000148,d1000001-0004-4000-8000-000000000004,b1000001-0011-4000-8000-000000000011,17890,12544,28,496,81,true
c1000001-0000-4000-8000-000000000149,d1000001-0004-4000-8000-000000000004,b1000001-0036-4000-8000-000000000036,57823,30456,50,288,48,true
c1000001-0000-4000-8000-000000000150,d1000001-0005-4000-8000-000000000005,b1000001-0029-4000-8000-000000000029,40541,30244,45,245,98,true
c1000001-0000-4000-8000-000000000151,d1000001-0002-4000-8000-000000000002,b1000001-0078-4000-8000-000000000078,9980,5300,17,188,79,true
c1000001-0000-4000-8000-000000000152,d1000001-0005-4000-8000-000000000005,b1000001-0098-4000-8000-000000000098,50863,37635,39,150,20,true
c1000001-0000-4000-8000-000000000153,d1000001-0002-4000-8000-000000000002,b1000001-0093-4000-8000-000000000093,26238,18090,46,411,16,true
c1000001-0000-4000-8000-000000000154,d1000001-0005-4000-8000-000000000005,b1000001-0008-4000-8000-000000000008,67108,39403,9,369,54,true
c1000001-0000-4000-8000-000000000155,d1000001-0001-4000-8000-000000000001,b1000001-0007-4000-8000-000000000007,30945,21242,17,69,14,true
c1000001-0000-4000-8000-000000000156,d1000001-0005-4000-8000-000000000005,b1000001-0001-4000-8000-000000000001,37931,25537,22,446,88,true
c1000001-0000-4000-8000-000000000157,d1000001-0004-4000-8000-000000000004,b1000001-0075-4000-8000-000000000075,21368,12775,40,258,79,true
c1000001-0000-4000-8000-000000000158,d1000001-0001-4000-8000-000000000001,b1000001-0058-4000-8000-000000000058,16164,11715,28,268,41,true
c1000001-0000-4000-8000-000000000159,d1000001-0001-4000-8000-000000000001,b1000001-0053-4000-8000-000000000053,18298,11022,41,99,2,true
c1000001-0000-4000-8000-000000000160,d1000001-0003-4000-8000-000000000003,b1000001-0039-4000-8000-000000000039,16002,12606,48,204,76,true
c1000001-0000-4000-8000-000000000161,d1000001-0002-4000-8000-000000000002,b1000001-0052-4000-8000-000000000052,40541,24395,9,307,38,true
c1000001-0000-4000-8000-000000000162,d1000001-0001-4000-8000-000000000001,b1000001-0011-4000-8000-000000000011,27603,24894,46,441,51,true
c1000001-0000-4000-8000-000000000163,d1000001-0003-4000-8000-000000000003,b1000001-0026-4000-8000-000000000026,16048,9178,31,414,1,true
c1000001-0000-4000-8000-000000000164,d1000001-0003-4000-8000-000000000003,b1000001-0025-4000-8000-000000000025,46881,26531,46,524,53,true
c1000001-0000-4000-8000-000000000165,d1000001-0004-4000-8000-000000000004,b1000001-0068-4000-8000-000000000068,47418,34343,44,259,26,true
c1000001-0000-4000-8000-000000000166,d1000001-0001-4000-8000-000000000001,b1000001-0083-4000-8000-000000000083,31936,23255,15,286,23,true
c1000001-0000-4000-8000-000000000167,d1000001-0005-4000-8000-000000000005,b1000001-0049-4000-8000-000000000049,43098,32369,42,183,4,true
c1000001-0000-4000-8000-000000000168,d1000001-0003-4000-8000-000000000003,b1000001-0058-4000-8000-000000000058,31579,16973,50,276,50,true
c1000001-0000-4000-8000-000000000169,d1000001-0001-4000-8000-000000000001,b1000001-0074-4000-8000-000000000074,26250,16573,15,253,45,true
c1000001-0000-4000-8000-000000000170,d1000001-0001-4000-8000-000000000001,b1000001-0093-4000-8000-000000000093,53106,31792,22,353,94,true
c1000001-0000-4000-8000-000000000171,d1000001-0003-4000-8000-000000000003,b1000001-0048-4000-8000-000000000048,41099,22974,24,176,79,true
c1000001-0000-4000-8000-000000000172,d1000001-0003-4000-8000-000000000003,b1000001-0016-4000-8000-000000000016,45626,36149,23,85,15,true
c1000001-0000-4000-8000-000000000173,d1000001-0003-4000-8000-000000000003,b1000001-0041-4000-8000-000000000041,52838,37647,11,380,93,true
c1000001-0000-4000-8000-000000000174,d1000001-0005-4000-8000-000000000005,b1000001-0091-4000-8000-000000000091,74661,39619,23,277,47,true
c1000001-0000-4000-8000-000000000175,d1000001-0002-4000-8000-000000000002,b1000001-0070-4000-8000-000000000070,10844,6089,29,341,6,true
c1000001-0000-4000-8000-000000000176,d1000001-0002-4000-8000-000000000002,b1000001-0095-4000-8000-000000000095,62680,33267,13,302,86,true
c1000001-0000-4000-8000-000000000177,d1000001-0002-4000-8000-000000000002,b1000001-0015-4000-8000-000000000015,59174,39113,23,258,69,true
c1000001-0000-4000-8000-000000000178,d1000001-0005-4000-8000-000000000005,b1000001-0010-4000-8000-000000000010,19611,10354,15,342,73,true
c1000001-0000-4000-8000-000000000179,d1000001-0003-4000-8000-000000000003,b1000001-0067-4000-8000-000000000067,61695,37557,9,223,3,true
c1000001-0000-4000-8000-000000000180,d1000001-0001-4000-8000-000000000001,b1000001-0024-4000-8000-000000000024,13716,12202,11,338,46,true
c1000001-0000-4000-8000-000000000181,d1000001-0001-4000-8000-000000000001,b1000001-0070-4000-8000-000000000070,44303,38573,30,220,74,true
c1000001-0000-4000-8000-000000000182,d1000001-0001-4000-8000-000000000001,b1000001-0065-4000-8000-000000000065,17928,10057,19,471,91,true
c1000001-0000-4000-8000-000000000183,d1000001-0001-4000-8000-000000000001,b1000001-0094-4000-8000-000000000094,19755,17499,13,382,85,true
c1000001-0000-4000-8000-000000000184,d1000001-0001-4000-8000-000000000001,b1000001-0005-4000-8000-000000000005,53825,33784,33,351,10,true
c1000001-0000-4000-8000-000000000185,d1000001-0003-4000-8000-000000000003,b1000001-0044-4000-8000-000000000044,19858,14186,44,243,72,true
c1000001-0000-4000-8000-000000000186,d1000001-0002-4000-8000-000000000002,b1000001-0051-4000-8000-000000000051,37829,25969,6,99,42,true
c1000001-0000-4000-8000-000000000187,d1000001-0002-4000-8000-000000000002,b1000001-0054-4000-8000-000000000054,45238,36322,34,95,49,true
c1000001-0000-4000-8000-000000000188,d1000001-0003-4000-8000-000000000003,b1000001-0084-4000-8000-000000000084,43312,37494,27,375,5,true
c1000001-0000-4000-8000-000000000189,d1000001-0001-4000-8000-000000000001,b1000001-0072-4000-8000-000000000072,60193,38143,17,348,84,true
c1000001-0000-4000-8000-000000000190,d1000001-0005-4000-8000-000000000005,b1000001-0071-4000-8000-000000000071,45713,39939,16,249,3,true
c1000001-0000-4000-8000-000000000191,d1000001-0001-4000-8000-000000000001,b1000001-0095-4000-8000-000000000095,15619,11389,35,85,85,true
c1000001-0000-4000-8000-000000000192,d1000001-0004-4000-8000-000000000004,b1000001-0041-4000-8000-000000000041,37808,30879,19,151,30,true
c1000001-0000-4000-8000-000000000193,d1000001-0001-4000-8000-000000000001,b1000001-0045-4000-8000-000000000045,26149,15415,12,275,78,true
c1000001-0000-4000-8000-000000000194,d1000001-0004-4000-8000-000000000004,b1000001-0029-4000-8000-000000000029,20820,18878,40,127,48,true
c1000001-0000-4000-8000-000000000195,d1000001-0003-4000-8000-000000000003,b1000001-0049-4000-8000-000000000049,44503,27270,40,244,21,true
c1000001-0000-4000-8000-000000000196,d1000001-0004-4000-8000-000000000004,b1000001-0006-4000-8000-000000000006,45222,36985,8,59,67,true
c1000001-0000-4000-8000-000000000197,d1000001-0005-4000-8000-000000000005,b1000001-0094-4000-8000-000000000094,54997,29364,28,168,35,true
c1000001-0000-4000-8000-000000000198,d1000001-0003-4000-8000-000000000003,b1000001-0037-4000-8000-000000000037,51544,30731,32,310,25,true
c1000001-0000-4000-8000-000000000199,d1000001-0002-4000-8000-000000000002,b1000001-0019-4000-8000-000000000019,13641,9020,32,341,92,true
c1000001-0000-4000-8000-000000000200,d1000001-0004-4000-8000-000000000004,b1000001-0083-4000-8000-000000000083,44681,39428,6,58,71,true
c1000001-0000-4000-8000-000000000201,d1000001-0003-4000-8000-000000000003,b1000001-0100-4000-8000-000000000100,27118,19988,5,253,99,true
c1000001-0000-4000-8000-000000000202,d1000001-0004-4000-8000-000000000004,b1000001-0095-4000-8000-000000000095,52380,39953,35,254,65,true
c1000001-0000-4000-8000-000000000203,d1000001-0001-4000-8000-000000000001,b1000001-0029-4000-8000-000000000029,12028,6789,10,322,70,true
c1000001-0000-4000-8000-000000000204,d1000001-0005-4000-8000-000000000005,b1000001-0011-4000-8000-000000000011,60155,37186,27,203,80,true
c1000001-0000-4000-8000-000000000205,d1000001-0004-4000-8000-000000000004,b1000001-0051-4000-8000-000000000051,11167,8025,44,485,81,true
c1000001-0000-4000-8000-000000000206,d1000001-0004-4000-8000-000000000004,b1000001-0021-4000-8000-000000000021,43097,26309,33,513,8,true
c1000001-0000-4000-8000-000000000207,d1000001-0004-4000-8000-000000000004,b1000001-0022-4000-8000-000000000022,56172,33832,46,520,73,true
c1000001-0000-4000-8000-000000000208,d1000001-0004-4000-8000-000000000004,b1000001-0033-4000-8000-000000000033,19506,13717,26,86,96,true
c1000001-0000-4000-8000-000000000209,d1000001-0004-4000-8000-000000000004,b1000001-0061-4000-8000-000000000061,53054,35488,44,543,35,true
c1000001-0000-4000-8000-000000000210,d1000001-0004-4000-8000-000000000004,b1000001-0072-4000-8000-000000000072,37701,32712,38,470,87,true
c1000001-0000-4000-8000-000000000211,d1000001-0003-4000-8000-000000000003,b1000001-0020-4000-8000-000000000020,25756,14748,23,275,75,true
c1000001-0000-4000-8000-000000000212,d1000001-0001-4000-8000-000000000001,b1000001-0004-4000-8000-000000000004,42542,30875,39,439,91,true
c1000001-0000-4000-8000-000000000213,d1000001-0004-4000-8000-000000000004,b1000001-0043-4000-8000-000000000043,48890,34228,37,96,69,true
c1000001-0000-4000-8000-000000000214,d1000001-0002-4000-8000-000000000002,b1000001-0039-4000-8000-000000000039,56302,31460,28,272,31,true
c1000001-0000-4000-8000-000000000215,d1000001-0001-4000-8000-000000000001,b1000001-0097-4000-8000-000000000097,7828,5297,14,382,36,true
c1000001-0000-4000-8000-000000000216,d1000001-0004-4000-8000-000000000004,b1000001-0016-4000-8000-000000000016,43150,38059,42,471,63,true
c1000001-0000-4000-8000-000000000217,d1000001-0002-4000-8000-000000000002,b1000001-0026-4000-8000-000000000026,8035,5599,11,277,53,true
c1000001-0000-4000-8000-000000000218,d1000001-0002-4000-8000-000000000002,b1000001-0061-4000-8000-000000000061,22809,15877,26,349,29,true
c1000001-0000-4000-8000-000000000219,d1000001-0002-4000-8000-000000000002,b1000001-0023-4000-8000-000000000023,50517,37248,50,182,46,true
c1000001-0000-4000-8000-000000000220,d1000001-0004-4000-8000-000000000004,b1000001-0046-4000-8000-000000000046,15991,9285,11,173,80,true
c1000001-0000-4000-8000-000000000221,d1000001-0002-4000-8000-000000000002,b1000001-0079-4000-8000-000000000079,45375,34215,43,173,89,true
c1000001-0000-4000-8000-000000000222,d1000001-0005-4000-8000-000000000005,b1000001-0052-4000-8000-000000000052,21456,12059,36,137,72,true
c1000001-0000-4000-8000-000000000223,d1000001-0002-4000-8000-000000000002,b1000001-0087-4000-8000-000000000087,62948,37890,26,257,67,true
c1000001-0000-4000-8000-000000000224,d1000001-0003-4000-8000-000000000003,b1000001-0086-4000-8000-000000000086,15981,11559,5,113,26,true
c1000001-0000-4000-8000-000000000225,d1000001-0002-4000-8000-000000000002,b1000001-0029-4000-8000-000000000029,33787,25780,13,243,73,true
c1000001-0000-4000-8000-000000000226,d1000001-0002-4000-8000-000000000002,b1000001-0083-4000-8000-000000000083,58158,32301,46,471,97,true
c1000001-0000-4000-8000-000000000227,d1000001-0005-4000-8000-000000000005,b1000001-0062-4000-8000-000000000062,32858,23694,13,265,2,true
c1000001-0000-4000-8000-000000000228,d1000001-0001-4000-8000-000000000001,b1000001-0050-4000-8000-000000000050,10566,7558,11,140,100,true
c1000001-0000-4000-8000-000000000229,d1000001-0004-4000-8000-000000000004,b1000001-0039-4000-8000-000000000039,9281,5479,19,513,58,true
c1000001-0000-4000-8000-000000000230,d1000001-0001-4000-8000-000000000001,b1000001-0044-4000-8000-000000000044,17755,14214,13,397,80,true
c1000001-0000-4000-8000-000000000231,d1000001-0004-4000-8000-000000000004,b1000001-0079-4000-8000-000000000079,51391,28840,37,178,14,true
c1000001-0000-4000-8000-000000000232,d1000001-0004-4000-8000-000000000004,b1000001-0080-4000-8000-000000000080,8594,7370,19,116,49,true
c1000001-0000-4000-8000-000000000233,d1000001-0005-4000-8000-000000000005,b1000001-0022-4000-8000-000000000022,20569,18509,50,539,19,true
c1000001-0000-4000-8000-000000000234,d1000001-0001-4000-8000-000000000001,b1000001-0014-4000-8000-000000000014,19161,10380,44,370,78,true
c1000001-0000-4000-8000-000000000235,d1000001-0001-4000-8000-000000000001,b1000001-0087-4000-8000-000000000087,57483,37520,30,162,90,true
c1000001-0000-4000-8000-000000000236,d1000001-0002-4000-8000-000000000002,b1000001-0045-4000-8000-000000000045,31378,20860,19,198,20,true
c1000001-0000-4000-8000-000000000237,d1000001-0003-4000-8000-000000000003,b1000001-0005-4000-8000-000000000005,38123,26274,20,474,22,true
c1000001-0000-4000-8000-000000000238,d1000001-0004-4000-8000-000000000004,b1000001-0012-4000-8000-000000000012,19677,16839,30,317,75,true
c1000001-0000-4000-8000-000000000239,d1000001-0002-4000-8000-000000000002,b1000001-0091-4000-8000-000000000091,29744,26436,29,208,1,true
c1000001-0000-4000-8000-000000000240,d1000001-0001-4000-8000-000000000001,b1000001-0034-4000-8000-000000000034,40880,21848,24,459,99,true
c1000001-0000-4000-8000-000000000241,d1000001-0003-4000-8000-000000000003,b1000001-0029-4000-8000-000000000029,24841,21861,5,348,6,true
c1000001-0000-4000-8000-000000000242,d1000001-0005-4000-8000-000000000005,b1000001-0016-4000-8000-000000000016,50491,27252,30,169,95,true
c1000001-0000-4000-8000-000000000243,d1000001-0003-4000-8000-000000000003,b1000001-0013-4000-8000-000000000013,65024,35677,19,181,24,true
c1000001-0000-4000-8000-000000000244,d1000001-0004-4000-8000-000000000004,b1000001-0057-4000-8000-000000000057,49003,34195,44,344,79,true
c1000001-0000-4000-8000-000000000245,d1000001-0003-4000-8000-000000000003,b1000001-0030-4000-8000-000000000030,14397,7617,25,196,73,true
c1000001-0000-4000-8000-000000000246,d1000001-0002-4000-8000-000000000002,b1000001-0059-4000-8000-000000000059,17613,10893,33,132,92,true
c1000001-0000-4000-8000-000000000247,d1000001-0002-4000-8000-000000000002,b1000001-0072-4000-8000-000000000072,62964,34995,37,431,81,true
c1000001-0000-4000-8000-000000000248,d1000001-0003-4000-8000-000000000003,b1000001-0078-4000-8000-000000000078,45502,33697,22,512,85,true
c1000001-0000-4000-8000-000000000249,d1000001-0004-4000-8000-000000000004,b1000001-0002-4000-8000-000000000002,8775,5170,28,250,25,true
c1000001-0000-4000-8000-000000000250,d1000001-0003-4000-8000-000000000003,b1000001-0010-4000-8000-000000000010,56557,38045,43,429,10,true
c1000001-0000-4000-8000-000000000251,d1000001-0003-4000-8000-000000000003,b1000001-0007-4000-8000-000000000007,50249,34645,23,502,55,true
c1000001-0000-4000-8000-000000000252,d1000001-0001-4000-8000-000000000001,b1000001-0025-4000-8000-000000000025,21446,15342,44,530,86,true
c1000001-0000-4000-8000-000000000253,d1000001-0002-4000-8000-000000000002,b1000001-0016-4000-8000-000000000016,30158,16469,20,155,62,true
c1000001-0000-4000-8000-000000000254,d1000001-0005-4000-8000-000000000005,b1000001-0015-4000-8000-000000000015,22895,20062,13,316,75,true
c1000001-0000-4000-8000-000000000255,d1000001-0003-4000-8000-000000000003,b1000001-0042-4000-8000-000000000042,53279,37385,5,365,38,true
c1000001-0000-4000-8000-000000000256,d1000001-0003-4000-8000-000000000003,b1000001-0083-4000-8000-000000000083,55065,29234,32,134,35,true
c1000001-0000-4000-8000-000000000257,d1000001-0005-4000-8000-000000000005,b1000001-0023-4000-8000-000000000023,50101,36760,26,267,98,true
c1000001-0000-4000-8000-000000000258,d1000001-0005-4000-8000-000000000005,b1000001-0093-4000-8000-000000000093,52985,30801,47,502,40,true
c1000001-0000-4000-8000-000000000259,d1000001-0004-4000-8000-000000000004,b1000001-0084-4000-8000-000000000084,7266,6262,10,84,12,true
c1000001-0000-4000-8000-000000000260,d1000001-0005-4000-8000-000000000005,b1000001-0017-4000-8000-000000000017,13657,9664,49,184,71,true
c1000001-0000-4000-8000-000000000261,d1000001-0002-4000-8000-000000000002,b1000001-0031-4000-8000-000000000031,44819,36847,25,495,28,true
c1000001-0000-4000-8000-000000000262,d1000001-0005-4000-8000-000000000005,b1000001-0070-4000-8000-000000000070,65237,38190,23,213,1,true
c1000001-0000-4000-8000-000000000263,d1000001-0001-4000-8000-000000000001,b1000001-0010-4000-8000-000000000010,32601,19747,23,302,14,true
c1000001-0000-4000-8000-000000000264,d1000001-0001-4000-8000-000000000001,b1000001-0082-4000-8000-000000000082,39477,28742,45,462,99,true
c1000001-0000-4000-8000-000000000265,d1000001-0002-4000-8000-000000000002,b1000001-0053-4000-8000-000000000053,36797,22452,10,472,26,true
c1000001-0000-4000-8000-000000000266,d1000001-0001-4000-8000-000000000001,b1000001-0012-4000-8000-000000000012,16307,9806,5,67,93,true
c1000001-0000-4000-8000-000000000267,d1000001-0002-4000-8000-000000000002,b1000001-0071-4000-8000-000000000071,32542,26611,38,108,13,true
c1000001-0000-4000-8000-000000000268,d1000001-0004-4000-8000-000000000004,b1000001-0047-4000-8000-000000000047,48946,28937,32,218,53,true
c1000001-0000-4000-8000-000000000269,d1000001-0001-4000-8000-000000000001,b1000001-0018-4000-8000-000000000018,20377,16283,22,398,78,true
c1000001-0000-4000-8000-000000000270,d1000001-0005-4000-8000-000000000005,b1000001-0041-4000-8000-000000000041,60484,39242,41,441,16,true
c1000001-0000-4000-8000-000000000271,d1000001-0004-4000-8000-000000000004,b1000001-0093-4000-8000-000000000093,11066,9876,33,173,3,true
c1000001-0000-4000-8000-000000000272,d1000001-0002-4000-8000-000000000002,b1000001-0010-4000-8000-000000000010,66841,35474,8,258,33,true
c1000001-0000-4000-8000-000000000273,d1000001-0003-4000-8000-000000000003,b1000001-0081-4000-8000-000000000081,54090,33392,37,172,11,true
c1000001-0000-4000-8000-000000000274,d1000001-0002-4000-8000-000000000002,b1000001-0075-4000-8000-000000000075,56841,33134,43,474,81,true
c1000001-0000-4000-8000-000000000275,d1000001-0005-4000-8000-000000000005,b1000001-0068-4000-8000-000000000068,11844,6590,49,465,4,true
c1000001-0000-4000-8000-000000000276,d1000001-0004-4000-8000-000000000004,b1000001-0060-4000-8000-000000000060,15973,8979,9,137,30,true
c1000001-0000-4000-8000-000000000277,d1000001-0001-4000-8000-000000000001,b1000001-0052-4000-8000-000000000052,58199,30870,48,213,28,true
c1000001-0000-4000-8000-000000000278,d1000001-0005-4000-8000-000000000005,b1000001-0072-4000-8000-000000000072,38310,25942,28,93,50,true
c1000001-0000-4000-8000-000000000279,d1000001-0004-4000-8000-000000000004,b1000001-0069-4000-8000-000000000069,11142,8746,27,143,24,true
c1000001-0000-4000-8000-000000000280,d1000001-0004-4000-8000-000000000004,b1000001-0010-4000-8000-000000000010,8208,6226,10,185,59,true
c1000001-0000-4000-8000-000000000281,d1000001-0002-4000-8000-000000000002,b1000001-0060-4000-8000-000000000060,43872,25819,46,227,91,true
c1000001-0000-4000-8000-000000000282,d1000001-0004-4000-8000-000000000004,b1000001-0097-4000-8000-000000000097,16941,13067,28,196,21,true
c1000001-0000-4000-8000-000000000283,d1000001-0004-4000-8000-000000000004,b1000001-0070-4000-8000-000000000070,22421,16097,18,491,29,true
c1000001-0000-4000-8000-000000000284,d1000001-0002-4000-8000-000000000002,b1000001-0005-4000-8000-000000000005,24390,18471,38,89,17,true
c1000001-0000-4000-8000-000000000285,d1000001-0004-4000-8000-000000000004,b1000001-0049-4000-8000-000000000049,63474,36427,20,493,62,true
c1000001-0000-4000-8000-000000000286,d1000001-0005-4000-8000-000000000005,b1000001-0039-4000-8000-000000000039,51977,38051,26,449,92,true
c1000001-0000-4000-8000-000000000287,d1000001-0005-4000-8000-000000000005,b1000001-0092-4000-8000-000000000092,38633,24234,41,334,8,true
c1000001-0000-4000-8000-000000000288,d1000001-0004-4000-8000-000000000004,b1000001-0007-4000-8000-000000000007,60243,38396,5,407,22,true
c1000001-0000-4000-8000-000000000289,d1000001-0002-4000-8000-000000000002,b1000001-0069-4000-8000-000000000069,22883,19231,48,189,99,true
c1000001-0000-4000-8000-000000000290,d1000001-0004-4000-8000-000000000004,b1000001-0025-4000-8000-000000000025,59912,31759,27,327,73,true
c1000001-0000-4000-8000-000000000291,d1000001-0001-4000-8000-000000000001,b1000001-0049-4000-8000-000000000049,44219,36978,36,266,72,true
c1000001-0000-4000-8000-000000000292,d1000001-0002-4000-8000-000000000002,b1000001-0024-4000-8000-000000000024,35608,27657,5,252,67,true
c1000001-0000-4000-8000-000000000293,d1000001-0003-4000-8000-000000000003,b1000001-0094-4000-8000-000000000094,34588,30921,15,370,78,true
c1000001-0000-4000-8000-000000000294,d1000001-0005-4000-8000-000000000005,b1000001-0053-4000-8000-000000000053,51886,34484,49,539,87,true
c1000001-0000-4000-8000-000000000295,d1000001-0004-4000-8000-000000000004,b1000001-0058-4000-8000-000000000058,49466,29479,19,240,15,true
c1000001-0000-4000-8000-000000000296,d1000001-0002-4000-8000-000000000002,b1000001-0086-4000-8000-000000000086,28743,16630,30,524,16,true
c1000001-0000-4000-8000-000000000297,d1000001-0001-4000-8000-000000000001,b1000001-0075-4000-8000-000000000075,48554,33103,26,401,49,true
c1000001-0000-4000-8000-000000000298,d1000001-0005-4000-8000-000000000005,b1000001-0064-4000-8000-000000000064,34663,26778,37,429,89,true
c1000001-0000-4000-8000-000000000299,d1000001-0004-4000-8000-000000000004,b1000001-0099-4000-8000-000000000099,34356,30522,50,266,70,true
c1000001-0000-4000-8000-000000000300,d1000001-0005-4000-8000-000000000005,b1000001-0046-4000-8000-000000000046,45632,38906,49,184,63,true
c1000001-0000-4000-8000-000000000301,d1000001-0001-4000-8000-000000000001,b1000001-0085-4000-8000-000000000085,31203,26119,34,399,54,true
c1000001-0000-4000-8000-000000000302,d1000001-0004-4000-8000-000000000004,b1000001-0081-4000-8000-000000000081,49230,31268,15,262,85,true
c1000001-0000-4000-8000-000000000303,d1000001-0001-4000-8000-000000000001,b1000001-0089-4000-8000-000000000089,27994,17236,31,429,50,true
c1000001-0000-4000-8000-000000000304,d1000001-0003-4000-8000-000000000003,b1000001-0088-4000-8000-000000000088,20020,11304,20,146,3,true
c1000001-0000-4000-8000-000000000305,d1000001-0005-4000-8000-000000000005,b1000001-0060-4000-8000-000000000060,31746,18285,31,353,28,true
c1000001-0000-4000-8000-000000000306,d1000001-0005-4000-8000-000000000005,b1000001-0075-4000-8000-000000000075,21673,12356,29,124,2,true
c1000001-0000-4000-8000-000000000307,d1000001-0003-4000-8000-000000000003,b1000001-0085-4000-8000-000000000085,45611,37021,15,271,60,true
c1000001-0000-4000-8000-000000000308,d1000001-0003-4000-8000-000000000003,b1000001-0051-4000-8000-000000000051,11570,8586,19,257,8,true
c1000001-0000-4000-8000-000000000309,d1000001-0004-4000-8000-000000000004,b1000001-0098-4000-8000-000000000098,24117,17571,30,455,7,true
c1000001-0000-4000-8000-000000000310,d1000001-0003-4000-8000-000000000003,b1000001-0076-4000-8000-000000000076,16980,15185,16,435,35,true
c1000001-0000-4000-8000-000000000311,d1000001-0002-4000-8000-000000000002,b1000001-0011-4000-8000-000000000011,11873,7825,23,301,34,true
c1000001-0000-4000-8000-000000000312,d1000001-0004-4000-8000-000000000004,b1000001-0066-4000-8000-000000000066,14001,9298,14,183,95,true
c1000001-0000-4000-8000-000000000313,d1000001-0005-4000-8000-000000000005,b1000001-0096-4000-8000-000000000096,47018,25043,8,220,34,true
c1000001-0000-4000-8000-000000000314,d1000001-0002-4000-8000-000000000002,b1000001-0067-4000-8000-000000000067,53273,36209,45,153,20,true
c1000001-0000-4000-8000-000000000315,d1000001-0005-4000-8000-000000000005,b1000001-0048-4000-8000-000000000048,52253,28335,7,173,3,true
c1000001-0000-4000-8000-000000000316,d1000001-0001-4000-8000-000000000001,b1000001-0028-4000-8000-000000000028,41981,29937,41,523,14,true
c1000001-0000-4000-8000-000000000317,d1000001-0003-4000-8000-000000000003,b1000001-0036-4000-8000-000000000036,21924,18422,15,173,25,true
c1000001-0000-4000-8000-000000000318,d1000001-0002-4000-8000-000000000002,b1000001-0077-4000-8000-000000000077,37861,28037,22,86,31,true
c1000001-0000-4000-8000-000000000319,d1000001-0002-4000-8000-000000000002,b1000001-0049-4000-8000-000000000049,31312,21622,8,323,49,true
c1000001-0000-4000-8000-000000000320,d1000001-0001-4000-8000-000000000001,b1000001-0033-4000-8000-000000000033,38303,30186,26,437,17,true
c1000001-0000-4000-8000-000000000321,d1000001-0003-4000-8000-000000000003,b1000001-0017-4000-8000-000000000017,23585,14381,18,271,86,true
c1000001-0000-4000-8000-000000000322,d1000001-0003-4000-8000-000000000003,b1000001-0098-4000-8000-000000000098,39808,31403,5,152,90,true
c1000001-0000-4000-8000-000000000323,d1000001-0003-4000-8000-000000000003,b1000001-0096-4000-8000-000000000096,33742,21827,41,208,85,true
c1000001-0000-4000-8000-000000000324,d1000001-0003-4000-8000-000000000003,b1000001-0054-4000-8000-000000000054,35236,24729,22,285,95,true
c1000001-0000-4000-8000-000000000325,d1000001-0004-4000-8000-000000000004,b1000001-0020-4000-8000-000000000020,42418,27851,46,312,3,true
c1000001-0000-4000-8000-000000000326,d1000001-0004-4000-8000-000000000004,b1000001-0065-4000-8000-000000000065,33869,23764,44,531,56,true
c1000001-0000-4000-8000-000000000327,d1000001-0003-4000-8000-000000000003,b1000001-0033-4000-8000-000000000033,24573,18013,16,214,6,true
c1000001-0000-4000-8000-000000000328,d1000001-0003-4000-8000-000000000003,b1000001-0018-4000-8000-000000000018,13701,8519,50,142,3,true
c1000001-0000-4000-8000-000000000329,d1000001-0005-4000-8000-000000000005,b1000001-0026-4000-8000-000000000026,37299,30599,22,142,52,true
c1000001-0000-4000-8000-000000000330,d1000001-0001-4000-8000-000000000001,b1000001-0036-4000-8000-000000000036,47890,33327,11,166,10,true
c1000001-0000-4000-8000-000000000331,d1000001-0004-4000-8000-000000000004,b1000001-0092-4000-8000-000000000092,29180,19730,7,268,59,true
c1000001-0000-4000-8000-000000000332,d1000001-0002-4000-8000-000000000002,b1000001-0002-4000-8000-000000000002,70194,38554,27,258,56,true
c1000001-0000-4000-8000-000000000333,d1000001-0004-4000-8000-000000000004,b1000001-0063-4000-8000-000000000063,20208,13876,13,305,92,true
c1000001-0000-4000-8000-000000000334,d1000001-0002-4000-8000-000000000002,b1000001-0097-4000-8000-000000000097,42380,24524,6,374,90,true
c1000001-0000-4000-8000-000000000335,d1000001-0003-4000-8000-000000000003,b1000001-0024-4000-8000-000000000024,26591,20522,24,135,29,true
c1000001-0000-4000-8000-000000000336,d1000001-0005-4000-8000-000000000005,b1000001-0074-4000-8000-000000000074,31700,18284,45,127,79,true
c1000001-0000-4000-8000-000000000337,d1000001-0004-4000-8000-000000000004,b1000001-0030-4000-8000-000000000030,40237,25436,22,374,3,true
c1000001-0000-4000-8000-000000000338,d1000001-0001-4000-8000-000000000001,b1000001-0056-4000-8000-000000000056,57992,31768,11,292,2,true
c1000001-0000-4000-8000-000000000339,d1000001-0003-4000-8000-000000000003,b1000001-0060-4000-8000-000000000060,42814,36015,6,239,62,true
c1000001-0000-4000-8000-000000000340,d1000001-0002-4000-8000-000000000002,b1000001-0040-4000-8000-000000000040,56306,30780,49,448,46,true
c1000001-0000-4000-8000-000000000341,d1000001-0004-4000-8000-000000000004,b1000001-0074-4000-8000-000000000074,35298,24974,36,285,52,true
c1000001-0000-4000-8000-000000000342,d1000001-0005-4000-8000-000000000005,b1000001-0079-4000-8000-000000000079,50110,36512,33,92,40,true
c1000001-0000-4000-8000-000000000343,d1000001-0003-4000-8000-000000000003,b1000001-0066-4000-8000-000000000066,62100,34250,5,431,74,true
c1000001-0000-4000-8000-000000000344,d1000001-0002-4000-8000-000000000002,b1000001-0021-4000-8000-000000000021,72880,39130,15,367,31,true
c1000001-0000-4000-8000-000000000345,d1000001-0002-4000-8000-000000000002,b1000001-0012-4000-8000-000000000012,41400,30597,38,274,61,true
c1000001-0000-4000-8000-000000000346,d1000001-0002-4000-8000-000000000002,b1000001-0068-4000-8000-000000000068,30836,22436,26,109,74,true
c1000001-0000-4000-8000-000000000347,d1000001-0001-4000-8000-000000000001,b1000001-0062-4000-8000-000000000062,22916,15348,24,451,56,true
c1000001-0000-4000-8000-000000000348,d1000001-0001-4000-8000-000000000001,b1000001-0006-4000-8000-000000000006,15307,8728,21,187,10,true
c1000001-0000-4000-8000-000000000349,d1000001-0002-4000-8000-000000000002,b1000001-0018-4000-8000-000000000018,51969,38096,7,386,3,true
c1000001-0000-4000-8000-000000000350,d1000001-0004-4000-8000-000000000004,b1000001-0035-4000-8000-000000000035,28746,15337,35,148,52,true
c1000001-0000-4000-8000-000000000351,d1000001-0003-4000-8000-000000000003,b1000001-0023-4000-8000-000000000023,34873,19535,17,442,63,true
c1000001-0000-4000-8000-000000000352,d1000001-0003-4000-8000-000000000003,b1000001-0068-4000-8000-000000000068,31071,23321,11,446,48,true
c1000001-0000-4000-8000-000000000353,d1000001-0003-4000-8000-000000000003,b1000001-0038-4000-8000-000000000038,12610,7887,31,253,78,true
c1000001-0000-4000-8000-000000000354,d1000001-0003-4000-8000-000000000003,b1000001-0059-4000-8000-000000000059,26215,22817,24,209,8,true
c1000001-0000-4000-8000-000000000355,d1000001-0001-4000-8000-000000000001,b1000001-0099-4000-8000-000000000099,24013,19622,49,470,66,true
c1000001-0000-4000-8000-000000000356,d1000001-0003-4000-8000-000000000003,b1000001-0019-4000-8000-000000000019,24859,19965,47,428,36,true
c1000001-0000-4000-8000-000000000357,d1000001-0005-4000-8000-000000000005,b1000001-0006-4000-8000-000000000006,37417,22891,30,523,23,true
c1000001-0000-4000-8000-000000000358,d1000001-0001-4000-8000-000000000001,b1000001-0001-4000-8000-000000000001,43209,30538,20,126,50,true
c1000001-0000-4000-8000-000000000359,d1000001-0001-4000-8000-000000000001,b1000001-0026-4000-8000-000000000026,54718,31790,25,78,23,true
c1000001-0000-4000-8000-000000000360,d1000001-0002-4000-8000-000000000002,b1000001-0047-4000-8000-000000000047,50332,26740,36,245,12,true
c1000001-0000-4000-8000-000000000361,d1000001-0004-4000-8000-000000000004,b1000001-0042-4000-8000-000000000042,35176,22474,30,176,41,true
c1000001-0000-4000-8000-000000000362,d1000001-0002-4000-8000-000000000002,b1000001-0043-4000-8000-000000000043,34660,22853,29,194,9,true
c1000001-0000-4000-8000-000000000363,d1000001-0003-4000-8000-000000000003,b1000001-0091-4000-8000-000000000091,28583,17334,25,212,11,true
c1000001-0000-4000-8000-000000000364,d1000001-0004-4000-8000-000000000004,b1000001-0064-4000-8000-000000000064,37931,22035,12,363,37,true
c1000001-0000-4000-8000-000000000365,d1000001-0001-4000-8000-000000000001,b1000001-0031-4000-8000-000000000031,8361,5010,24,384,39,true
c1000001-0000-4000-8000-000000000366,d1000001-0005-4000-8000-000000000005,b1000001-0005-4000-8000-000000000005,12076,7301,48,138,45,true
c1000001-0000-4000-8000-000000000367,d1000001-0003-4000-8000-000000000003,b1000001-0032-4000-8000-000000000032,25385,18436,15,432,51,true
c1000001-0000-4000-8000-000000000368,d1000001-0001-4000-8000-000000000001,b1000001-0016-4000-8000-000000000016,31746,17051,31,477,90,true
c1000001-0000-4000-8000-000000000369,d1000001-0003-4000-8000-000000000003,b1000001-0087-4000-8000-000000000087,37128,24018,28,465,12,true
c1000001-0000-4000-8000-000000000370,d1000001-0001-4000-8000-000000000001,b1000001-0064-4000-8000-000000000064,64269,39752,23,458,11,true
c1000001-0000-4000-8000-000000000371,d1000001-0004-4000-8000-000000000004,b1000001-0050-4000-8000-000000000050,58662,33143,16,425,57,true
c1000001-0000-4000-8000-000000000372,d1000001-0001-4000-8000-000000000001,b1000001-0069-4000-8000-000000000069,20444,17675,7,438,66,true
c1000001-0000-4000-8000-000000000373,d1000001-0001-4000-8000-000000000001,b1000001-0038-4000-8000-000000000038,48602,33026,50,296,79,true
c1000001-0000-4000-8000-000000000374,d1000001-0005-4000-8000-000000000005,b1000001-0045-4000-8000-000000000045,44372,26472,9,311,21,true
c1000001-0000-4000-8000-000000000375,d1000001-0004-4000-8000-000000000004,b1000001-0073-4000-8000-000000000073,32315,17672,36,310,49,true
c1000001-0000-4000-8000-000000000376,d1000001-0004-4000-8000-000000000004,b1000001-0091-4000-8000-000000000091,25937,14113,6,426,57,true
c1000001-0000-4000-8000-000000000377,d1000001-0004-4000-8000-000000000004,b1000001-0076-4000-8000-000000000076,21732,18337,39,501,26,true
c1000001-0000-4000-8000-000000000378,d1000001-0005-4000-8000-000000000005,b1000001-0021-4000-8000-000000000021,46322,31069,13,431,72,true
c1000001-0000-4000-8000-000000000379,d1000001-0005-4000-8000-000000000005,b1000001-0095-4000-8000-000000000095,47075,27329,24,485,26,true
c1000001-0000-4000-8000-000000000380,d1000001-0005-4000-8000-000000000005,b1000001-0037-4000-8000-000000000037,26142,22421,45,424,72,true
c1000001-0000-4000-8000-000000000381,d1000001-0002-4000-8000-000000000002,b1000001-0030-4000-8000-000000000030,47457,35260,24,415,30,true
c1000001-0000-4000-8000-000000000382,d1000001-0005-4000-8000-000000000005,b1000001-0081-4000-8000-000000000081,26003,23401,15,151,56,true
c1000001-0000-4000-8000-000000000383,d1000001-0004-4000-8000-000000000004,b1000001-0088-4000-8000-000000000088,23720,12602,50,528,4,true
c1000001-0000-4000-8000-000000000384,d1000001-0004-4000-8000-000000000004,b1000001-0031-4000-8000-000000000031,74267,39670,10,508,65,true
c1000001-0000-4000-8000-000000000385,d1000001-0004-4000-8000-000000000004,b1000001-0090-4000-8000-000000000090,39543,24091,9,132,7,true
c1000001-0000-4000-8000-000000000386,d1000001-0001-4000-8000-000000000001,b1000001-0076-4000-8000-000000000076,9538,6058,46,463,46,true
c1000001-0000-4000-8000-000000000387,d1000001-0005-4000-8000-000000000005,b1000001-0027-4000-8000-000000000027,37653,20186,27,226,70,true
c1000001-0000-4000-8000-000000000388,d1000001-0004-4000-8000-000000000004,b1000001-0086-4000-8000-000000000086,67543,39404,38,381,53,true
c1000001-0000-4000-8000-000000000389,d1000001-0001-4000-8000-000000000001,b1000001-0039-4000-8000-000000000039,29926,19408,25,189,87,true
c1000001-0000-4000-8000-000000000390,d1000001-0005-4000-8000-000000000005,b1000001-0051-4000-8000-000000000051,18167,15191,12,175,51,true
c1000001-0000-4000-8000-000000000391,d1000001-0001-4000-8000-000000000001,b1000001-0088-4000-8000-000000000088,48840,31091,38,474,97,true
c1000001-0000-4000-8000-000000000392,d1000001-0002-4000-8000-000000000002,b1000001-0089-4000-8000-000000000089,10307,5543,18,314,5,true
c1000001-0000-4000-8000-000000000393,d1000001-0003-4000-8000-000000000003,b1000001-0001-4000-8000-000000000001,6033,5363,40,454,77,true
c1000001-0000-4000-8000-000000000394,d1000001-0004-4000-8000-000000000004,b1000001-0056-4000-8000-000000000056,46088,35379,17,357,46,true
c1000001-0000-4000-8000-000000000395,d1000001-0004-4000-8000-000000000004,b1000001-0014-4000-8000-000000000014,11820,6246,50,402,86,true
c1000001-0000-4000-8000-000000000396,d1000001-0003-4000-8000-000000000003,b1000001-0004-4000-8000-000000000004,12917,8139,34,525,16,true
c1000001-0000-4000-8000-000000000397,d1000001-0003-4000-8000-000000000003,b1000001-0077-4000-8000-000000000077,13870,10611,35,89,93,true
c1000001-0000-4000-8000-000000000398,d1000001-0002-4000-8000-000000000002,b1000001-0066-4000-8000-000000000066,41565,28349,9,136,12,true
c1000001-0000-4000-8000-000000000399,d1000001-0005-4000-8000-000000000005,b1000001-0047-4000-8000-000000000047,47478,39392,45,187,74,true
c1000001-0000-4000-8000-000000000400,d1000001-0003-4000-8000-000000000003,b1000001-0053-4000-8000-000000000053,11899,7451,16,320,96,true
c1000001-0000-4000-8000-000000000401,d1000001-0002-4000-8000-000000000002,b1000001-0058-4000-8000-000000000058,52643,35766,14,196,4,true
c1000001-0000-4000-8000-000000000402,d1000001-0004-4000-8000-000000000004,b1000001-0004-4000-8000-000000000004,24970,16279,45,99,42,true
c1000001-0000-4000-8000-000000000403,d1000001-0002-4000-8000-000000000002,b1000001-0100-4000-8000-000000000100,13006,11325,34,139,18,true
c1000001-0000-4000-8000-000000000404,d1000001-0003-4000-8000-000000000003,b1000001-0022-4000-8000-000000000022,49941,31745,11,454,30,true
c1000001-0000-4000-8000-000000000405,d1000001-0002-4000-8000-000000000002,b1000001-0092-4000-8000-000000000092,33160,21018,46,191,34,true
c1000001-0000-4000-8000-000000000406,d1000001-0001-4000-8000-000000000001,b1000001-0021-4000-8000-000000000021,52043,39340,11,298,11,true
c1000001-0000-4000-8000-000000000407,d1000001-0002-4000-8000-000000000002,b1000001-0099-4000-8000-000000000099,38790,25611,37,258,62,true
c1000001-0000-4000-8000-000000000408,d1000001-0005-4000-8000-000000000005,b1000001-0028-4000-8000-000000000028,65332,36376,24,158,49,true
c1000001-0000-4000-8000-000000000409,d1000001-0003-4000-8000-000000000003,b1000001-0009-4000-8000-000000000009,20665,15334,36,170,98,true
c1000001-0000-4000-8000-000000000410,d1000001-0005-4000-8000-000000000005,b1000001-0100-4000-8000-000000000100,15731,8387,24,284,72,true
c1000001-0000-4000-8000-000000000411,d1000001-0003-4000-8000-000000000003,b1000001-0070-4000-8000-000000000070,36351,19191,6,471,51,true
c1000001-0000-4000-8000-000000000412,d1000001-0003-4000-8000-000000000003,b1000001-0075-4000-8000-000000000075,65015,35691,23,206,33,true
c1000001-0000-4000-8000-000000000413,d1000001-0001-4000-8000-000000000001,b1000001-0066-4000-8000-000000000066,11804,9883,31,411,12,true
c1000001-0000-4000-8000-000000000414,d1000001-0004-4000-8000-000000000004,b1000001-0038-4000-8000-000000000038,38469,22219,18,181,58,true
c1000001-0000-4000-8000-000000000415,d1000001-0001-4000-8000-000000000001,b1000001-0027-4000-8000-000000000027,49524,27230,8,207,95,true
c1000001-0000-4000-8000-000000000416,d1000001-0003-4000-8000-000000000003,b1000001-0027-4000-8000-000000000027,57532,31555,25,244,25,true
c1000001-0000-4000-8000-000000000417,d1000001-0001-4000-8000-000000000001,b1000001-0009-4000-8000-000000000009,39367,33340,48,265,85,true
c1000001-0000-4000-8000-000000000418,d1000001-0005-4000-8000-000000000005,b1000001-0012-4000-8000-000000000012,6396,5684,13,143,91,true
c1000001-0000-4000-8000-000000000419,d1000001-0002-4000-8000-000000000002,b1000001-0017-4000-8000-000000000017,62937,35743,46,99,70,true
c1000001-0000-4000-8000-000000000420,d1000001-0005-4000-8000-000000000005,b1000001-0088-4000-8000-000000000088,57134,37114,43,185,71,true
c1000001-0000-4000-8000-000000000421,d1000001-0005-4000-8000-000000000005,b1000001-0019-4000-8000-000000000019,24386,14354,7,224,33,true
c1000001-0000-4000-8000-000000000422,d1000001-0005-4000-8000-000000000005,b1000001-0044-4000-8000-000000000044,20941,14121,11,74,17,true
c1000001-0000-4000-8000-000000000423,d1000001-0003-4000-8000-000000000003,b1000001-0090-4000-8000-000000000090,30920,25182,42,356,44,true
c1000001-0000-4000-8000-000000000424,d1000001-0002-4000-8000-000000000002,b1000001-0033-4000-8000-000000000033,58183,32090,47,179,12,true
c1000001-0000-4000-8000-000000000425,d1000001-0004-4000-8000-000000000004,b1000001-0055-4000-8000-000000000055,9753,6150,29,437,85,true
c1000001-0000-4000-8000-000000000426,d1000001-0002-4000-8000-000000000002,b1000001-0050-4000-8000-000000000050,7715,6629,32,262,89,true
c1000001-0000-4000-8000-000000000427,d1000001-0002-4000-8000-000000000002,b1000001-0082-4000-8000-000000000082,11781,7712,13,317,52,true
c1000001-0000-4000-8000-000000000428,d1000001-0005-4000-8000-000000000005,b1000001-0014-4000-8000-000000000014,35449,30963,44,243,36,true
c1000001-0000-4000-8000-000000000429,d1000001-0003-4000-8000-000000000003,b1000001-0065-4000-8000-000000000065,33745,20745,10,199,63,true
c1000001-0000-4000-8000-000000000430,d1000001-0004-4000-8000-000000000004,b1000001-0077-4000-8000-000000000077,28183,16055,32,372,53,true
c1000001-0000-4000-8000-000000000431,d1000001-0002-4000-8000-000000000002,b1000001-0035-4000-8000-000000000035,12201,10537,33,166,64,true
c1000001-0000-4000-8000-000000000432,d1000001-0001-4000-8000-000000000001,b1000001-0077-4000-8000-000000000077,13149,7281,31,454,15,true
c1000001-0000-4000-8000-000000000433,d1000001-0005-4000-8000-000000000005,b1000001-0080-4000-8000-000000000080,45702,24301,24,364,16,true
c1000001-0000-4000-8000-000000000434,d1000001-0005-4000-8000-000000000005,b1000001-0007-4000-8000-000000000007,37578,25897,26,354,39,true
c1000001-0000-4000-8000-000000000435,d1000001-0001-4000-8000-000000000001,b1000001-0090-4000-8000-000000000090,15927,9083,30,384,31,true
c1000001-0000-4000-8000-000000000436,d1000001-0003-4000-8000-000000000003,b1000001-0082-4000-8000-000000000082,7855,6744,30,444,65,true
c1000001-0000-4000-8000-000000000437,d1000001-0003-4000-8000-000000000003,b1000001-0028-4000-8000-000000000028,20601,14282,7,106,65,true
c1000001-0000-4000-8000-000000000438,d1000001-0005-4000-8000-000000000005,b1000001-0089-4000-8000-000000000089,28102,17976,44,434,71,true
c1000001-0000-4000-8000-000000000439,d1000001-0003-4000-8000-000000000003,b1000001-0074-4000-8000-000000000074,39486,33095,43,524,8,true
c1000001-0000-4000-8000-000000000440,d1000001-0005-4000-8000-000000000005,b1000001-0025-4000-8000-000000000025,8774,7853,16,506,92,true
c1000001-0000-4000-8000-000000000441,d1000001-0003-4000-8000-000000000003,b1000001-0047-4000-8000-000000000047,34388,30501,34,367,2,true
c1000001-0000-4000-8000-000000000442,d1000001-0005-4000-8000-000000000005,b1000001-0055-4000-8000-000000000055,17833,14694,44,458,32,true
c1000001-0000-4000-8000-000000000443,d1000001-0002-4000-8000-000000000002,b1000001-0034-4000-8000-000000000034,33411,23170,38,96,48,true
c1000001-0000-4000-8000-000000000444,d1000001-0005-4000-8000-000000000005,b1000001-0002-4000-8000-000000000002,35570,25434,26,298,54,true
c1000001-0000-4000-8000-000000000445,d1000001-0004-4000-8000-000000000004,b1000001-0037-4000-8000-000000000037,33196,28601,45,198,30,true
c1000001-0000-4000-8000-000000000446,d1000001-0001-4000-8000-000000000001,b1000001-0046-4000-8000-000000000046,45945,28490,42,490,16,true
c1000001-0000-4000-8000-000000000447,d1000001-0002-4000-8000-000000000002,b1000001-0062-4000-8000-000000000062,18048,14503,41,347,25,true
c1000001-0000-4000-8000-000000000448,d1000001-0001-4000-8000-000000000001,b1000001-0022-4000-8000-000000000022,15473,12781,43,275,71,true
c1000001-0000-4000-8000-000000000449,d1000001-0003-4000-8000-000000000003,b1000001-0043-4000-8000-000000000043,46066,32487,45,513,39,true
c1000001-0000-4000-8000-000000000450,d1000001-0003-4000-8000-000000000003,b1000001-0071-4000-8000-000000000071,63693,39720,13,440,96,true
c1000001-0000-4000-8000-000000000451,d1000001-0001-4000-8000-000000000001,b1000001-0047-4000-8000-000000000047,38077,20138,28,243,93,true
c1000001-0000-4000-8000-000000000452,d1000001-0003-4000-8000-000000000003,b1000001-0097-4000-8000-000000000097,45626,29862,20,451,42,true
c1000001-0000-4000-8000-000000000453,d1000001-0004-4000-8000-000000000004,b1000001-0087-4000-8000-000000000087,24006,14796,24,511,29,true
c1000001-0000-4000-8000-000000000454,d1000001-0001-4000-8000-000000000001,b1000001-0071-4000-8000-000000000071,11095,7046,40,526,1,true
c1000001-0000-4000-8000-000000000455,d1000001-0005-4000-8000-000000000005,b1000001-0099-4000-8000-000000000099,50987,33304,24,445,55,true
c1000001-0000-4000-8000-000000000456,d1000001-0002-4000-8000-000000000002,b1000001-0008-4000-8000-000000000008,16445,11525,5,406,45,true
c1000001-0000-4000-8000-000000000457,d1000001-0004-4000-8000-000000000004,b1000001-0082-4000-8000-000000000082,31321,17846,10,118,89,true
c1000001-0000-4000-8000-000000000458,d1000001-0003-4000-8000-000000000003,b1000001-0050-4000-8000-000000000050,51149,36487,46,475,83,true
c1000001-0000-4000-8000-000000000459,d1000001-0001-4000-8000-000000000001,b1000001-0092-4000-8000-000000000092,12990,10091,47,306,92,true
c1000001-0000-4000-8000-000000000460,d1000001-0001-4000-8000-000000000001,b1000001-0030-4000-8000-000000000030,58203,33006,26,338,44,true
c1000001-0000-4000-8000-000000000461,d1000001-0001-4000-8000-000000000001,b1000001-0079-4000-8000-000000000079,15658,11183,11,460,38,true
c1000001-0000-4000-8000-000000000462,d1000001-0001-4000-8000-000000000001,b1000001-0080-4000-8000-000000000080,22757,17883,31,410,57,true
c1000001-0000-4000-8000-000000000463,d1000001-0002-4000-8000-000000000002,b1000001-0046-4000-8000-000000000046,49210,34609,43,206,49,true
c1000001-0000-4000-8000-000000000464,d1000001-0001-4000-8000-000000000001,b1000001-0020-4000-8000-000000000020,19495,11146,21,364,43,true
c1000001-0000-4000-8000-000000000465,d1000001-0003-4000-8000-000000000003,b1000001-0045-4000-8000-000000000045,8270,5308,11,432,86,true
c1000001-0000-4000-8000-000000000466,d1000001-0005-4000-8000-000000000005,b1000001-0077-4000-8000-000000000077,16990,9152,10,158,94,true
c1000001-0000-4000-8000-000000000467,d1000001-0002-4000-8000-000000000002,b1000001-0041-4000-8000-000000000041,40453,29207,41,449,52,true
c1000001-0000-4000-8000-000000000468,d1000001-0002-4000-8000-000000000002,b1000001-0096-4000-8000-000000000096,8146,5097,41,118,11,true
c1000001-0000-4000-8000-000000000469,d1000001-0001-4000-8000-000000000001,b1000001-0008-4000-8000-000000000008,70839,37927,26,439,66,true
c1000001-0000-4000-8000-000000000470,d1000001-0001-4000-8000-000000000001,b1000001-0051-4000-8000-000000000051,39141,26183,45,241,54,true
c1000001-0000-4000-8000-000000000471,d1000001-0005-4000-8000-000000000005,b1000001-0065-4000-8000-000000000065,56889,36941,32,185,30,true
c1000001-0000-4000-8000-000000000472,d1000001-0003-4000-8000-000000000003,b1000001-0095-4000-8000-000000000095,40626,26565,5,184,62,true
c1000001-0000-4000-8000-000000000473,d1000001-0001-4000-8000-000000000001,b1000001-0002-4000-8000-000000000002,23367,18033,44,245,70,true
c1000001-0000-4000-8000-000000000474,d1000001-0003-4000-8000-000000000003,b1000001-0031-4000-8000-000000000031,29280,16054,10,370,66,true
c1000001-0000-4000-8000-000000000475,d1000001-0001-4000-8000-000000000001,b1000001-0015-4000-8000-000000000015,52392,34388,8,197,92,true
c1000001-0000-4000-8000-000000000476,d1000001-0005-4000-8000-000000000005,b1000001-0035-4000-8000-000000000035,15602,13961,20,76,97,true
c1000001-0000-4000-8000-000000000477,d1000001-0003-4000-8000-000000000003,b1000001-0034-4000-8000-000000000034,32437,25096,8,450,13,true
c1000001-0000-4000-8000-000000000478,d1000001-0002-4000-8000-000000000002,b1000001-0098-4000-8000-000000000098,29688,18104,17,479,61,true
c1000001-0000-4000-8000-000000000479,d1000001-0003-4000-8000-000000000003,b1000001-0012-4000-8000-000000000012,56683,32322,5,325,51,true
c1000001-0000-4000-8000-000000000480,d1000001-0001-4000-8000-000000000001,b1000001-0019-4000-8000-000000000019,25734,15127,44,109,34,true
c1000001-0000-4000-8000-000000000481,d1000001-0002-4000-8000-000000000002,b1000001-0004-4000-8000-000000000004,9013,5061,27,511,29,true
c1000001-0000-4000-8000-000000000482,d1000001-0004-4000-8000-000000000004,b1000001-0024-4000-8000-000000000024,40919,22716,11,389,45,true
c1000001-0000-4000-8000-000000000483,d1000001-0003-4000-8000-000000000003,b1000001-0040-4000-8000-000000000040,20070,10697,29,139,51,true
c1000001-0000-4000-8000-000000000484,d1000001-0002-4000-8000-000000000002,b1000001-0025-4000-8000-000000000025,55153,30592,28,78,52,true
c1000001-0000-4000-8000-000000000485,d1000001-0002-4000-8000-000000000002,b1000001-0094-4000-8000-000000000094,16844,9142,39,462,26,true
c1000001-0000-4000-8000-000000000486,d1000001-0004-4000-8000-000000000004,b1000001-0100-4000-8000-000000000100,9366,5703,10,109,24,true
c1000001-0000-4000-8000-000000000487,d1000001-0003-4000-8000-000000000003,b1000001-0008-4000-8000-000000000008,46758,32802,6,165,4,true
c1000001-0000-4000-8000-000000000488,d1000001-0001-4000-8000-000000000001,b1000001-0073-4000-8000-000000000073,33517,19479,6,110,70,true
c1000001-0000-4000-8000-000000000489,d1000001-0001-4000-8000-000000000001,b1000001-0061-4000-8000-000000000061,54268,35425,31,293,67,true
c1000001-0000-4000-8000-000000000490,d1000001-0001-4000-8000-000000000001,b1000001-0059-4000-8000-000000000059,51772,33715,32,231,68,true
c1000001-0000-4000-8000-000000000491,d1000001-0005-4000-8000-000000000005,b1000001-0040-4000-8000-000000000040,48622,36756,11,80,52,true
c1000001-0000-4000-8000-000000000492,d1000001-0003-4000-8000-000000000003,b1000001-0015-4000-8000-000000000015,8580,6000,8,246,26,true
c1000001-0000-4000-8000-000000000493,d1000001-0002-4000-8000-000000000002,b1000001-0022-4000-8000-000000000022,32449,26298,40,287,9,true
c1000001-0000-4000-8000-000000000494,d1000001-0004-4000-8000-000000000004,b1000001-0059-4000-8000-000000000059,44176,34350,44,135,55,true
c1000001-0000-4000-8000-000000000495,d1000001-0003-4000-8000-000000000003,b1000001-0011-4000-8000-000000000011,36023,20508,33,378,28,true
c1000001-0000-4000-8000-000000000496,d1000001-0005-4000-8000-000000000005,b1000001-0083-4000-8000-000000000083,35880,26859,32,179,64,true
c1000001-0000-4000-8000-000000000497,d1000001-0004-4000-8000-000000000004,b1000001-0048-4000-8000-000000000048,46623,27114,32,127,67,true
c1000001-0000-4000-8000-000000000498,d1000001-0002-4000-8000-000000000002,b1000001-0037-4000-8000-000000000037,29958,24422,15,83,92,true
c1000001-0000-4000-8000-000000000499,d1000001-0003-4000-8000-000000000003,b1000001-0062-4000-8000-000000000062,17898,12795,47,334,78,true
c1000001-0000-4000-8000-000000000500,d1000001-0002-4000-8000-000000000002,b1000001-0081-4000-8000-000000000081,22485,19566,40,474,77,true
